<?xml version="1.0" encoding="utf-8" ?>
<tincan xmlns:xsi="http://www.w3.org/2001/XMLSchema-instance" xmlns:xsd="http://www.w3.org/2001/XMLSchema" xmlns="http://projecttincan.com/tincan.xsd">
  <activities>
    <activity id="http://ZsB5LhgOPcoAkyyZVDbRJ4I22l-rq4Lx_rise" type="http://adlnet.gov/expapi/activities/course">
      <name lang="en-US">Communication Game</name>
      <description lang="en-US"></description>
      <launch lang="en-US">index.html</launch>
    </activity>
      <activity id="http://ZsB5LhgOPcoAkyyZVDbRJ4I22l-rq4Lx_rise/auVx2M5xwoLbMXcxNuYJvIHphvhLFAqQ" type="http://adlnet.gov/expapi/activities/module">
      <name lang="en-US">/blocks</name>
      <description lang="en-US"></description>
    </activity>
        </activities>
</tincan>
